<?xml version="1.0" encoding="UTF-8"?>
<project-private xmlns="http://www.netbeans.org/ns/project-private/1">
    <editor-bookmarks xmlns="http://www.netbeans.org/ns/editor-bookmarks/2" lastBookmarkId="0"/>
    <open-files xmlns="http://www.netbeans.org/ns/projectui-open-files/2">
        <group>
            <file>file:/C:/Users/sebastian/OneDrive/Escritorio/Universidad/Cuatrimestres/III%20Cuatri/Estructura%20de%20datos/Sebastian_Vasquez_Practica1/src/sebastian_vasquez_practica1/Recursividad.java</file>
            <file>file:/C:/Users/sebastian/OneDrive/Escritorio/Universidad/Cuatrimestres/III%20Cuatri/Estructura%20de%20datos/Sebastian_Vasquez_Practica1/src/sebastian_vasquez_practica1/dato.java</file>
            <file>file:/C:/Users/sebastian/OneDrive/Escritorio/Universidad/Cuatrimestres/III%20Cuatri/Estructura%20de%20datos/Sebastian_Vasquez_Practica1/src/sebastian_vasquez_practica1/ColasArray.java</file>
            <file>file:/C:/Users/sebastian/OneDrive/Escritorio/Universidad/Cuatrimestres/III%20Cuatri/Estructura%20de%20datos/Sebastian_Vasquez_Practica1/src/sebastian_vasquez_practica1/Ejercicio3.java</file>
            <file>file:/C:/Users/sebastian/OneDrive/Escritorio/Universidad/Cuatrimestres/III%20Cuatri/Estructura%20de%20datos/Sebastian_Vasquez_Practica1/src/sebastian_vasquez_practica1/Sebastian_Vasquez_Practica1.java</file>
        </group>
    </open-files>
</project-private>
